"Gene","Non.unique.Gene.name","Annotation","Number_pos_present_in","Number_neg_present_in","Number_pos_not_present_in","Number_neg_not_present_in","Sensitivity","Specificity","Odds_ratio","Naive_p","Bonferroni_p","Benjamini_H_p"
"group_25972","","hypothetical protein",25,0,175,284,12.5,100,Inf,9.96933284018823e-11,2.20521642424964e-06,1.0799296886629e-09
"group_47055","pknD_1","Serine/threonine-protein kinase PknD",20,0,180,284,10,100,Inf,1.1744494460779e-08,0.000259788217472432,5.25249125500266e-08
"group_36807","","hypothetical protein",19,0,181,284,9.5,100,Inf,3.01723200235547e-08,0.000667411718921029,1.24633374214945e-07
"xerD_3","","Tyrosine recombinase XerD",19,0,181,284,9.5,100,Inf,3.01723200235547e-08,0.000667411718921029,1.24633374214945e-07
"group_47190","","hypothetical protein",19,0,181,284,9.5,100,Inf,3.01723200235547e-08,0.000667411718921029,1.24633374214945e-07
"group_18941","","hypothetical protein",18,0,182,284,9,100,Inf,7.72544018185673e-08,0.00170886736822671,3.0347493664122e-07
"group_47844","","hypothetical protein",17,0,183,284,8.5,100,Inf,1.9714647895775e-07,0.00436088011454544,7.43543071533749e-07
"group_82298","","hypothetical protein",17,0,183,284,8.5,100,Inf,1.9714647895775e-07,0.00436088011454544,7.43543071533749e-07
"group_108679","","hypothetical protein",16,0,184,284,8,100,Inf,5.01437783436078e-07,0.011091803769606,1.76368321984513e-06
"group_41224","","hypothetical protein",16,0,184,284,8,100,Inf,5.01437783436078e-07,0.011091803769606,1.76368321984513e-06
"group_837","","hypothetical protein",15,0,185,284,7.5,100,Inf,1.2712125428732e-06,0.0281192214483552,4.34139593150459e-06
"group_54823","","hypothetical protein",15,0,185,284,7.5,100,Inf,1.2712125428732e-06,0.0281192214483552,4.34139593150459e-06
"group_69182","","hypothetical protein",15,0,185,284,7.5,100,Inf,1.2712125428732e-06,0.0281192214483552,4.34139593150459e-06
"group_12349","","hypothetical protein",15,0,185,284,7.5,100,Inf,1.2712125428732e-06,0.0281192214483552,4.34139593150459e-06
"group_40618","","hypothetical protein",28,1,172,283,14,99.6478873239437,46.0697674418605,1.00793608269973e-10,2.2295546149318e-06,1.09078014429149e-09
"group_54747","","hypothetical protein",27,1,173,283,13.5,99.6478873239437,44.1676300578035,2.56733415629595e-10,5.67894315372665e-06,2.43823093915285e-09
"group_26061","","hypothetical protein",24,1,176,283,12,99.6478873239437,38.5909090909091,4.12141282643213e-09,9.11656517206787e-05,2.16802976743588e-08
"group_23376","","hypothetical protein",23,1,177,283,11.5,99.6478873239437,36.774011299435,1.0294411432219e-08,0.000227712380880685,4.63772669818095e-08
"group_54985","","hypothetical protein",23,1,177,283,11.5,99.6478873239437,36.774011299435,1.0294411432219e-08,0.000227712380880685,4.63772669818095e-08
"group_87","","IS110 family transposase ISLin1",23,1,177,283,11.5,99.6478873239437,36.774011299435,1.0294411432219e-08,0.000227712380880685,4.63772669818095e-08
"group_47173","","hypothetical protein",22,1,178,283,11,99.6478873239437,34.9775280898876,2.55824089156593e-08,0.000565882885214383,1.066295242537e-07
"group_209046","","hypothetical protein",22,1,178,283,11,99.6478873239437,34.9775280898876,2.55824089156593e-08,0.000565882885214383,1.066295242537e-07
"group_54987--group_108702--group_108704","----","hypothetical protein--hypothetical protein--hypothetical protein",22,1,178,283,11,99.6478873239437,34.9775280898876,2.55824089156593e-08,0.000565882885214383,1.066295242537e-07
"group_152292","","hypothetical protein",22,1,178,283,11,99.6478873239437,34.9775280898876,2.55824089156593e-08,0.000565882885214383,1.066295242537e-07
"group_26058","","hypothetical protein",21,1,179,283,10.5,99.6478873239437,33.2011173184358,6.32435384947185e-08,0.00139894707150317,2.50124632845195e-07
"group_18870","","hypothetical protein",21,1,179,283,10.5,99.6478873239437,33.2011173184358,6.32435384947185e-08,0.00139894707150317,2.50124632845195e-07
"group_740","dnaG_2","DNA primase",21,1,179,283,10.5,99.6478873239437,33.2011173184358,6.32435384947185e-08,0.00139894707150317,2.50124632845195e-07
"group_69149","","hypothetical protein",21,1,179,283,10.5,99.6478873239437,33.2011173184358,6.32435384947185e-08,0.00139894707150317,2.50124632845195e-07
"group_13377","","hypothetical protein",21,1,179,283,10.5,99.6478873239437,33.2011173184358,6.32435384947185e-08,0.00139894707150317,2.50124632845195e-07
"group_26405","","hypothetical protein",20,1,180,283,10,99.6478873239437,31.4444444444444,1.55513305963434e-07,0.00343995432791115,5.93197849269038e-07
"group_108730","","hypothetical protein",20,1,180,283,10,99.6478873239437,31.4444444444444,1.55513305963434e-07,0.00343995432791115,5.93197849269038e-07
"group_41280","","hypothetical protein",20,1,180,283,10,99.6478873239437,31.4444444444444,1.55513305963434e-07,0.00343995432791115,5.93197849269038e-07
"group_36723","","hypothetical protein",19,1,181,283,9.5,99.6478873239437,29.707182320442,3.80301005716216e-07,0.00841225824644269,1.39506770256098e-06
"group_26041","","hypothetical protein",19,1,181,283,9.5,99.6478873239437,29.707182320442,3.80301005716216e-07,0.00841225824644269,1.39506770256098e-06
"group_47079--group_108690--group_108691--group_108693--group_108707--group_47088--group_47171--group_54973--group_54975--group_54977--group_54980--group_54991--group_69131--group_69132--group_82755--group_221180--group_41276","--------------------------------noc_3","hypothetical protein--hypothetical protein--hypothetical protein--hypothetical protein--hypothetical protein--hypothetical protein--hypothetical protein--hypothetical protein--hypothetical protein--hypothetical protein--hypothetical protein--hypothetical protein--hypothetical protein--hypothetical protein--hypothetical protein--hypothetical protein--Nucleoid occlusion protein",19,1,181,283,9.5,99.6478873239437,29.707182320442,3.80301005716216e-07,0.00841225824644269,1.39506770256098e-06
"group_47205","","hypothetical protein",19,1,181,283,9.5,99.6478873239437,29.707182320442,3.80301005716216e-07,0.00841225824644269,1.39506770256098e-06
"group_62333","","hypothetical protein",19,1,181,283,9.5,99.6478873239437,29.707182320442,3.80301005716216e-07,0.00841225824644269,1.39506770256098e-06
"group_69026","","hypothetical protein",18,1,182,283,9,99.6478873239437,27.989010989011,9.24731874128226e-07,0.0204550690557164,3.19560522663902e-06
"group_36793","","hypothetical protein",18,1,182,283,9,99.6478873239437,27.989010989011,9.24731874128226e-07,0.0204550690557164,3.19560522663902e-06
"group_108718","","hypothetical protein",18,1,182,283,9,99.6478873239437,27.989010989011,9.24731874128226e-07,0.0204550690557164,3.19560522663902e-06
"group_41289","","hypothetical protein",18,1,182,283,9,99.6478873239437,27.989010989011,9.24731874128226e-07,0.0204550690557164,3.19560522663902e-06
"group_69041--group_108699--group_209005--group_69138--group_69142--group_69144--group_94037","------------","hypothetical protein--hypothetical protein--hypothetical protein--hypothetical protein--hypothetical protein--hypothetical protein--hypothetical protein",18,1,182,283,9,99.6478873239437,27.989010989011,9.24731874128226e-07,0.0204550690557164,3.19560522663902e-06
"group_69140","","hypothetical protein",18,1,182,283,9,99.6478873239437,27.989010989011,9.24731874128226e-07,0.0204550690557164,3.19560522663902e-06
"group_23232","","hypothetical protein",18,1,182,283,9,99.6478873239437,27.989010989011,9.24731874128226e-07,0.0204550690557164,3.19560522663902e-06
"group_8461","","hypothetical protein",18,1,182,283,9,99.6478873239437,27.989010989011,9.24731874128226e-07,0.0204550690557164,3.19560522663902e-06
"group_47017","","hypothetical protein",17,1,183,283,8.5,99.6478873239437,26.2896174863388,2.23531179032401e-06,0.0494450968019671,7.51331056100397e-06
"group_108721","","hypothetical protein",17,1,183,283,8.5,99.6478873239437,26.2896174863388,2.23531179032401e-06,0.0494450968019671,7.51331056100397e-06
"group_36871","","hypothetical protein",17,1,183,283,8.5,99.6478873239437,26.2896174863388,2.23531179032401e-06,0.0494450968019671,7.51331056100397e-06
"group_2035","rpnD_2","Recombination-promoting nuclease RpnD",17,1,183,283,8.5,99.6478873239437,26.2896174863388,2.23531179032401e-06,0.0494450968019671,7.51331056100397e-06
"group_47168","","hypothetical protein",17,1,183,283,8.5,99.6478873239437,26.2896174863388,2.23531179032401e-06,0.0494450968019671,7.51331056100397e-06
"group_108695--group_108697--group_221178--group_54989--group_54990--group_69136","----------","hypothetical protein--hypothetical protein--hypothetical protein--hypothetical protein--hypothetical protein--hypothetical protein",17,1,183,283,8.5,99.6478873239437,26.2896174863388,2.23531179032401e-06,0.0494450968019671,7.51331056100397e-06
"group_34398","","hypothetical protein",17,1,183,283,8.5,99.6478873239437,26.2896174863388,2.23531179032401e-06,0.0494450968019671,7.51331056100397e-06
"group_54848","","hypothetical protein",17,1,183,283,8.5,99.6478873239437,26.2896174863388,2.23531179032401e-06,0.0494450968019671,7.51331056100397e-06
"group_69134","","hypothetical protein",17,1,183,283,8.5,99.6478873239437,26.2896174863388,2.23531179032401e-06,0.0494450968019671,7.51331056100397e-06
"group_102","","IS110 family transposase ISLin1",17,1,183,283,8.5,99.6478873239437,26.2896174863388,2.23531179032401e-06,0.0494450968019671,7.51331056100397e-06
"group_19066","","hypothetical protein",17,1,183,283,8.5,99.6478873239437,26.2896174863388,2.23531179032401e-06,0.0494450968019671,7.51331056100397e-06
"group_11610","sasA_5","Adaptive-response sensory-kinase SasA",28,2,172,282,14,99.2957746478873,22.953488372093,9.60518897856109e-10,2.12466780205771e-05,6.44620085575762e-09
"group_20982","soj_4","Sporulation initiation inhibitor protein Soj",27,2,173,282,13.5,99.2957746478873,22.0057803468208,2.36192081498563e-09,5.22456884274821e-05,1.40181616387127e-08
"group_54749","","hypothetical protein",25,2,175,282,12.5,99.2957746478873,20.1428571428571,1.40290738268764e-08,0.000310323113050506,6.09672127800601e-08
"group_34132","","hypothetical protein",25,2,175,282,12.5,99.2957746478873,20.1428571428571,1.40290738268764e-08,0.000310323113050506,6.09672127800601e-08
"group_7134","","hypothetical protein",24,2,176,282,12,99.2957746478873,19.2272727272727,3.38768799621937e-08,0.000749356584763726,1.39519006658672e-07
"group_54376","","hypothetical protein",23,2,177,282,11.5,99.2957746478873,18.3220338983051,8.12838953988134e-08,0.00179799976622175,3.18624803512627e-07
"group_489","","hypothetical protein",23,2,177,282,11.5,99.2957746478873,18.3220338983051,8.12838953988134e-08,0.00179799976622175,3.18624803512627e-07
"group_12207","","hypothetical protein",22,2,178,282,11,99.2957746478873,17.4269662921348,1.93750381233462e-07,0.00428575843288418,7.31607789840249e-07
"group_108514--group_54760","--vapC","hypothetical protein--tRNA(fMet)-specific endonuclease VapC",22,2,178,282,11,99.2957746478873,17.4269662921348,1.93750381233462e-07,0.00428575843288418,7.31607789840249e-07
"group_4573","rhaS_2","HTH-type transcriptional activator RhaS",22,2,178,282,11,99.2957746478873,17.4269662921348,1.93750381233462e-07,0.00428575843288418,7.31607789840249e-07
"group_70489","","hypothetical protein",21,2,179,282,10.5,99.2957746478873,16.5418994413408,4.58685399074967e-07,0.0101461210275383,1.6188763435448e-06
"group_3236","","hypothetical protein",21,2,179,282,10.5,99.2957746478873,16.5418994413408,4.58685399074967e-07,0.0101461210275383,1.6188763435448e-06
"group_11537","","hypothetical protein",21,2,179,282,10.5,99.2957746478873,16.5418994413408,4.58685399074967e-07,0.0101461210275383,1.6188763435448e-06
"group_54368","","hypothetical protein",20,2,180,282,10,99.2957746478873,15.6666666666667,1.07821098065059e-06,0.0238500268919911,3.70802656902846e-06
"group_13355","","hypothetical protein",20,2,180,282,10,99.2957746478873,15.6666666666667,1.07821098065059e-06,0.0238500268919911,3.70802656902846e-06
"group_2308","inlA","hypothetical protein",20,2,180,282,10,99.2957746478873,15.6666666666667,1.07821098065059e-06,0.0238500268919911,3.70802656902846e-06
"group_29096","","hypothetical protein",19,2,181,282,9.5,99.2957746478873,14.8011049723757,2.51578415336823e-06,0.0556491454725052,8.43041137289884e-06
"group_41330","","hypothetical protein",19,2,181,282,9.5,99.2957746478873,14.8011049723757,2.51578415336823e-06,0.0556491454725052,8.43041137289884e-06
"group_17309","","hypothetical protein",19,2,181,282,9.5,99.2957746478873,14.8011049723757,2.51578415336823e-06,0.0556491454725052,8.43041137289884e-06
"group_68966","","hypothetical protein",34,3,166,281,17,98.943661971831,19.1847389558233,3.0496314327882e-11,6.74578472932751e-07,3.52813008856041e-10
"group_40600","","hypothetical protein",33,3,167,281,16.5,98.943661971831,18.5089820359281,7.53141493074491e-11,1.66594898268077e-06,8.28006452624639e-10
"group_68967","","hypothetical protein",33,3,167,281,16.5,98.943661971831,18.5089820359281,7.53141493074491e-11,1.66594898268077e-06,8.28006452624639e-10
"group_69074","","hypothetical protein",32,3,168,281,16,98.943661971831,17.8412698412698,1.8486885703517e-10,4.08929911761796e-06,1.86982127005851e-09
"group_15439","","hypothetical protein",31,3,169,281,15.5,98.943661971831,17.1814595660749,4.50985854606128e-10,9.97580710388755e-06,4.04369967729532e-09
"group_36787","","hypothetical protein",30,3,170,281,15,98.943661971831,16.5294117647059,1.09325784701273e-09,2.41828635759216e-05,7.25994103149852e-09
"group_28514","","hypothetical protein",29,3,171,281,14.5,98.943661971831,15.8849902534113,2.63320823816583e-09,5.82465662282281e-05,1.54787579665767e-08
"group_15446","","hypothetical protein",28,3,172,281,14,98.943661971831,15.2480620155039,6.30066276709269e-09,0.00013937066040809,3.11234167950179e-08
"group_69186","","hypothetical protein",24,3,176,281,12,98.943661971831,12.7727272727273,1.92659329044688e-07,0.00426162435846851,7.27985028778358e-07
"group_36764--group_54867","--","hypothetical protein--hypothetical protein",23,3,177,281,11.5,98.943661971831,12.1713747645951,4.44737680412958e-07,0.00983759749073463,1.6188763435448e-06
"group_34189","","hypothetical protein",23,3,177,281,11.5,98.943661971831,12.1713747645951,4.44737680412958e-07,0.00983759749073463,1.6188763435448e-06
"inlI_3","","hypothetical protein",22,3,178,281,11,98.943661971831,11.5767790262172,1.01850461068789e-06,0.0225293219884161,3.5125229168095e-06
"group_69056","","hypothetical protein",22,3,178,281,11,98.943661971831,11.5767790262172,1.01850461068789e-06,0.0225293219884161,3.5125229168095e-06
"group_20937","","hypothetical protein",22,3,178,281,11,98.943661971831,11.5767790262172,1.01850461068789e-06,0.0225293219884161,3.5125229168095e-06
"group_41341","","hypothetical protein",22,3,178,281,11,98.943661971831,11.5767790262172,1.01850461068789e-06,0.0225293219884161,3.5125229168095e-06
"group_36018","","hypothetical protein",41,4,159,280,20.5,98.5915492957747,18.0503144654088,3.36749385906977e-13,7.44889641626233e-09,4.45241865885375e-12
"group_47046","","hypothetical protein",39,4,161,280,19.5,98.5915492957747,16.9565217391304,2.10836270801115e-12,4.66369831012066e-08,2.66344849235903e-11
"group_31925","","hypothetical protein",38,4,162,280,19,98.5915492957747,16.4197530864198,5.22715027224641e-12,1.15624564022091e-07,6.45586622122226e-11
"group_40610","","hypothetical protein",34,4,166,280,17,98.5915492957747,14.3373493975904,1.85378530400852e-10,4.10057309246685e-06,1.87326317609267e-09
"group_47048","","hypothetical protein",34,4,166,280,17,98.5915492957747,14.3373493975904,1.85378530400852e-10,4.10057309246685e-06,1.87326317609267e-09
"group_36703","","hypothetical protein",33,4,167,280,16.5,98.5915492957747,13.8323353293413,4.45061287888364e-10,9.84475568809061e-06,4.02910074590699e-09
"group_41203","","hypothetical protein",33,4,167,280,16.5,98.5915492957747,13.8323353293413,4.45061287888364e-10,9.84475568809061e-06,4.02910074590699e-09
"group_47135","","hypothetical protein",31,4,169,280,15.5,98.5915492957747,12.8402366863905,2.51339258578135e-09,5.55962439974835e-05,1.48177622594572e-08
"group_7211","soj_4","hypothetical protein",30,4,170,280,15,98.5915492957747,12.3529411764706,5.91029779007003e-09,0.000130735787116349,2.92277637192821e-08
"group_606","","hypothetical protein",29,4,171,280,14.5,98.5915492957747,11.8713450292398,2.3896106270316e-08,0.00052858187069939,1.00091246108576e-07
"group_3662","","hypothetical protein",26,4,174,280,13,98.5915492957747,10.4597701149425,2.25706873312738e-07,0.00499263603767776,8.46352947563614e-07
"group_47186","","hypothetical protein",25,4,175,280,12.5,98.5915492957747,10,4.83005517059969e-07,0.0106840820373665,1.70101608619113e-06
"group_3954","","hypothetical protein",25,4,175,280,12.5,98.5915492957747,10,4.83005517059969e-07,0.0106840820373665,1.70101608619113e-06
"group_30022","","hypothetical protein",25,4,175,280,12.5,98.5915492957747,10,4.83005517059969e-07,0.0106840820373665,1.70101608619113e-06
"group_70629","","hypothetical protein",24,4,176,280,12,98.5915492957747,9.54545454545454,1.03591442441167e-06,0.0229144270679861,3.56866953246941e-06
"group_38762","","hypothetical protein",24,4,176,280,12,98.5915492957747,9.54545454545454,1.03591442441167e-06,0.0229144270679861,3.56866953246941e-06
"group_16193","","hypothetical protein",24,4,176,280,12,98.5915492957747,9.54545454545454,1.03591442441167e-06,0.0229144270679861,3.56866953246941e-06
"group_4084","","hypothetical protein",24,4,176,280,12,98.5915492957747,9.54545454545454,1.03591442441167e-06,0.0229144270679861,3.56866953246941e-06
"group_25973--group_4086--group_8584","----rpnD_2","hypothetical protein--hypothetical protein--Recombination-promoting nuclease RpnD",23,4,177,280,11.5,98.5915492957747,9.09604519774011,2.22180286337002e-06,0.0491462793377449,7.48610500194134e-06
"group_26083","inlA","Internalin A",39,5,161,279,19.5,98.2394366197183,13.5167701863354,1.19611854619606e-11,2.64581422418568e-07,1.43872442859472e-10
"group_55065","","hypothetical protein",34,5,166,279,17,98.2394366197183,11.4289156626506,1.21650572955977e-09,2.69091067378621e-05,8.00389849430757e-09
"group_54830","","hypothetical protein",30,5,170,279,15,98.2394366197183,9.84705882352941,2.94140038147297e-08,0.000650637764381822,1.21682768726729e-07
"group_18355--group_23391","--","IS3 family transposase IS1222--IS3 family transposase ISDet2",29,5,171,279,14.5,98.2394366197183,9.46315789473684,6.51657377590274e-08,0.00144146611922969,2.57634695125949e-07
"group_19983--mazF_2","--","hypothetical protein--Endoribonuclease toxin MazF",27,5,173,279,13.5,98.2394366197183,8.70867052023121,3.16007844487126e-07,0.00699009352005523,1.16930303112332e-06
"group_29172","","hypothetical protein",26,5,174,279,13,98.2394366197183,8.33793103448276,6.90094958822211e-07,0.0152649004891473,2.40847278150005e-06
"group_47105","","hypothetical protein",26,5,174,279,13,98.2394366197183,8.33793103448276,6.90094958822211e-07,0.0152649004891473,2.40847278150005e-06
"group_26188","","hypothetical protein",26,5,174,279,13,98.2394366197183,8.33793103448276,6.90094958822211e-07,0.0152649004891473,2.40847278150005e-06
"group_38782","","hypothetical protein",26,5,174,279,13,98.2394366197183,8.33793103448276,6.90094958822211e-07,0.0152649004891473,2.40847278150005e-06
"group_17612","","hypothetical protein",26,5,174,279,13,98.2394366197183,8.33793103448276,6.90094958822211e-07,0.0152649004891473,2.40847278150005e-06
"group_15759","","hypothetical protein",25,5,175,279,12.5,98.2394366197183,7.97142857142857,1.49671075826337e-06,0.0331072419727857,5.09185511731555e-06
"group_29253","","hypothetical protein",25,5,175,279,12.5,98.2394366197183,7.97142857142857,1.49671075826337e-06,0.0331072419727857,5.09185511731555e-06
"group_11275","","hypothetical protein",25,5,175,279,12.5,98.2394366197183,7.97142857142857,1.49671075826337e-06,0.0331072419727857,5.09185511731555e-06
"group_555","rpnD_3","Recombination-promoting nuclease RpnD",25,5,175,279,12.5,98.2394366197183,7.97142857142857,1.49671075826337e-06,0.0331072419727857,5.09185511731555e-06
"group_47176","","hypothetical protein",39,6,161,278,19.5,97.887323943662,11.223602484472,6.5689663709301e-11,1.45305536124974e-06,7.34237170919525e-10
"group_47177","","hypothetical protein",37,6,163,278,18.5,97.887323943662,10.5173824130879,3.46234765714283e-10,7.65871301759995e-06,3.21254740671139e-09
"group_10775","","hypothetical protein",36,6,164,278,18,97.887323943662,10.1707317073171,7.92272609485655e-10,1.75250701218227e-05,5.78094543040621e-09
"group_40571","","hypothetical protein",34,6,166,278,17,97.887323943662,9.48995983935743,4.09679807472361e-09,9.06211734128862e-05,2.15610690965706e-08
"group_69152","","hypothetical protein",32,6,168,278,16,97.887323943662,8.82539682539683,3.70120933285339e-08,0.00081870750442717,1.51640582409181e-07
"group_108385","","hypothetical protein",31,6,169,278,15.5,97.887323943662,8.49901380670611,7.47160420332114e-08,0.00165271884977464,2.93921189716279e-07
"group_9210","","hypothetical protein",29,6,171,278,14.5,97.887323943662,7.85769980506823,3.1081886379813e-07,0.00687531326721464,1.15125808225295e-06
"group_16615","soj_1","Sporulation initiation inhibitor protein Soj",29,6,171,278,14.5,97.887323943662,7.85769980506823,3.1081886379813e-07,0.00687531326721464,1.15125808225295e-06
"group_1075","","hypothetical protein",26,6,174,278,13,97.887323943662,6.92337164750958,2.69296252924655e-06,0.0595683311469337,9.00503872213662e-06
"group_18885","","hypothetical protein",26,6,174,278,13,97.887323943662,6.92337164750958,2.69296252924655e-06,0.0595683311469337,9.00503872213662e-06
"group_58512","","hypothetical protein",26,6,174,278,13,97.887323943662,6.92337164750958,2.69296252924655e-06,0.0595683311469337,9.00503872213662e-06
"group_13131","","hypothetical protein",26,6,174,278,13,97.887323943662,6.92337164750958,2.69296252924655e-06,0.0595683311469337,9.00503872213662e-06
"group_25991","","hypothetical protein",38,7,162,277,19,97.5352112676056,9.28218694885362,8.67847978440599e-10,1.9196797283106e-05,5.93409498704978e-09
"group_5283","APOA1BP","NAD(P)H-hydrate epimerase",37,7,163,277,18.5,97.5352112676056,8.98247151621385,1.83272820467338e-09,4.05399478873752e-05,1.11574626034036e-08
"group_58506","","hypothetical protein",37,7,163,277,18.5,97.5352112676056,8.98247151621385,1.83272820467338e-09,4.05399478873752e-05,1.11574626034036e-08
"group_54561--group_17157","--","hypothetical protein--hypothetical protein",36,7,164,277,18,97.5352112676056,8.68641114982578,3.89477892747482e-09,8.6152509875743e-05,2.05811060381612e-08
"group_42788","","hypothetical protein",36,7,164,277,18,97.5352112676056,8.68641114982578,3.89477892747482e-09,8.6152509875743e-05,2.05811060381612e-08
"group_46753","","hypothetical protein",35,7,165,277,17.5,97.5352112676056,8.39393939393939,8.31093446090719e-09,0.000183837870275267,4.01480389332315e-08
"group_35682--group_36709","--","hypothetical protein--hypothetical protein",34,7,166,277,17,97.5352112676056,8.10499139414802,1.77698713535496e-08,0.000393069554340517,7.57505404394907e-08
"group_20908","","hypothetical protein",33,7,167,277,16.5,97.5352112676056,7.81950384944397,3.79961716661469e-08,0.00084047531725517,1.55557156626905e-07
"group_9233","azr_2","hypothetical protein",33,7,167,277,16.5,97.5352112676056,7.81950384944397,3.79961716661469e-08,0.00084047531725517,1.55557156626905e-07
"group_40623","","hypothetical protein",30,7,170,277,15,97.5352112676056,6.98319327731092,3.65493707892718e-07,0.00808472081858693,1.34700446827506e-06
"group_31951","","hypothetical protein",30,7,170,277,15,97.5352112676056,6.98319327731092,3.65493707892718e-07,0.00808472081858693,1.34700446827506e-06
"group_28020","yadG_2","putative ABC transporter ATP-binding protein YadG",29,7,171,277,14.5,97.5352112676056,6.7109440267335,7.69646401474785e-07,0.0170245784006222,2.67724145315651e-06
"group_76406","","hypothetical protein",29,7,171,277,14.5,97.5352112676056,6.7109440267335,7.69646401474785e-07,0.0170245784006222,2.67724145315651e-06
"group_31955","","hypothetical protein",28,7,172,277,14,97.5352112676056,6.44186046511628,2.78802354192235e-06,0.0616710807473223,9.31728066888084e-06
"group_69222","","hypothetical protein",28,7,172,277,14,97.5352112676056,6.44186046511628,2.78802354192235e-06,0.0616710807473223,9.31728066888084e-06
"group_28500","","hypothetical protein",41,8,159,276,20.5,97.1830985915493,8.89622641509434,2.06768488728985e-10,4.57371897068515e-06,2.07330869024712e-09
"group_25996","","hypothetical protein",40,8,160,276,20,97.1830985915493,8.625,4.58990381428722e-10,1.01528672372033e-05,4.05971761589048e-09
"group_25550","","hypothetical protein",38,8,162,276,19,97.1830985915493,8.09259259259259,2.24817840274073e-09,4.9729706268625e-05,1.33717951784418e-08
"group_12224","","hypothetical protein",38,8,162,276,19,97.1830985915493,8.09259259259259,2.24817840274073e-09,4.9729706268625e-05,1.33717951784418e-08
"group_46412","","hypothetical protein",37,8,163,276,18.5,97.1830985915493,7.83128834355828,4.94769287176731e-09,0.000109442966323493,2.54550992016759e-08
"group_47132","","hypothetical protein",36,8,164,276,18,97.1830985915493,7.57317073170732,1.08327112484888e-08,0.000239619572816572,4.85452943307479e-08
"group_108458","","hypothetical protein",35,8,165,276,17.5,97.1830985915493,7.31818181818182,3.97992589278062e-08,0.000880359607483073,1.61920104374301e-07
"group_29254","","hypothetical protein",35,8,165,276,17.5,97.1830985915493,7.31818181818182,3.97992589278062e-08,0.000880359607483073,1.61920104374301e-07
"group_4061","","hypothetical protein",35,8,165,276,17.5,97.1830985915493,7.31818181818182,3.97992589278062e-08,0.000880359607483073,1.61920104374301e-07
"group_25960","","hypothetical protein",35,8,165,276,17.5,97.1830985915493,7.31818181818182,3.97992589278062e-08,0.000880359607483073,1.61920104374301e-07
"group_1617","","hypothetical protein",31,8,169,276,15.5,97.1830985915493,6.32840236686391,6.3333481698078e-07,0.0140093661516149,2.21877829452247e-06
"group_2190","","hypothetical protein",31,8,169,276,15.5,97.1830985915493,6.32840236686391,6.3333481698078e-07,0.0140093661516149,2.21877829452247e-06
"group_29199","fdtA_2","TDP-4-oxo-6-deoxy-alpha-D-glucose-3,4-oxoisomerase",30,8,170,276,15,97.1830985915493,6.08823529411765,1.27040038463868e-06,0.0281012565082077,4.34130333820603e-06
"group_9899","","hypothetical protein",30,8,170,276,15,97.1830985915493,6.08823529411765,1.27040038463868e-06,0.0281012565082077,4.34130333820603e-06
"group_54914","","hypothetical protein",30,8,170,276,15,97.1830985915493,6.08823529411765,1.27040038463868e-06,0.0281012565082077,4.34130333820603e-06
"group_10614","","hypothetical protein",47,9,153,275,23.5,96.830985915493,9.38634713144517,4.72372790868052e-12,1.04488861340013e-07,5.85371772212958e-11
"group_28493","","hypothetical protein",45,9,155,275,22.5,96.830985915493,8.87096774193548,2.48582459574668e-11,5.49864400579166e-07,2.90472477854816e-10
"group_108395","","hypothetical protein",44,9,156,275,22,96.830985915493,8.61823361823362,5.67094184257828e-11,1.25441233557832e-06,6.39679926353042e-10
"group_31933","","hypothetical protein",43,9,157,275,21.5,96.830985915493,8.36871903750885,2.32986723092614e-10,5.15366631480862e-06,2.32042607600568e-09
"group_17030","","hypothetical protein",41,9,159,275,20.5,96.830985915493,7.87910552061495,9.78148322954685e-10,2.16366409037576e-05,6.55854528758946e-09
"group_6452","","hypothetical protein",41,9,159,275,20.5,96.830985915493,7.87910552061495,9.78148322954685e-10,2.16366409037576e-05,6.55854528758946e-09
"group_41221","","hypothetical protein",41,9,159,275,20.5,96.830985915493,7.87910552061495,9.78148322954685e-10,2.16366409037576e-05,6.55854528758946e-09
"group_69029","","hypothetical protein",40,9,160,275,20,96.830985915493,7.63888888888889,2.02722342329691e-09,4.48421821233276e-05,1.21424809432244e-08
"group_23296","","hypothetical protein",40,9,160,275,20,96.830985915493,7.63888888888889,2.02722342329691e-09,4.48421821233276e-05,1.21424809432244e-08
"group_46418","","hypothetical protein",37,9,163,275,18.5,96.830985915493,6.93592365371507,1.84519219269111e-08,0.000408156513023273,7.84011742265218e-08
"group_54371","","hypothetical protein",37,9,163,275,18.5,96.830985915493,6.93592365371507,1.84519219269111e-08,0.000408156513023273,7.84011742265218e-08
"group_32701","","hypothetical protein",36,9,164,275,18,96.830985915493,6.70731707317073,3.85653379352037e-08,0.000853065275126706,1.57679460049368e-07
"group_108688","","hypothetical protein",36,9,164,275,18,96.830985915493,6.70731707317073,3.85653379352037e-08,0.000853065275126706,1.57679460049368e-07
"group_108689--group_69126","--","hypothetical protein--hypothetical protein",35,9,165,275,17.5,96.830985915493,6.48148148148148,8.04159633407498e-08,0.00177880110909738,3.15334357223433e-07
"group_26024","","hypothetical protein",33,9,167,275,16.5,96.830985915493,6.03792415169661,3.45297464553283e-07,0.00763797991591861,1.27405836795974e-06
"group_55856","","hypothetical protein",31,9,169,275,15.5,96.830985915493,5.60486522024984,2.28827063291946e-06,0.0506165464001785,7.68430945805048e-06
"group_14254","dinF","DNA damage-inducible protein F",31,9,169,275,15.5,96.830985915493,5.60486522024984,2.28827063291946e-06,0.0506165464001785,7.68430945805048e-06
"group_76409","","hypothetical protein",43,10,157,274,21.5,96.4788732394366,7.50445859872611,4.85385301125705e-10,1.07367228609006e-05,4.11053708304005e-09
"group_15470","","hypothetical protein",40,10,160,274,20,96.4788732394366,6.85,4.91483106534252e-09,0.000108716063165377,2.53772322981738e-08
"group_49470","","hypothetical protein",40,10,160,274,20,96.4788732394366,6.85,4.91483106534252e-09,0.000108716063165377,2.53772322981738e-08
"group_13095","","hypothetical protein",38,10,162,274,19,96.4788732394366,6.42716049382716,3.52853243777773e-08,0.000780511375236434,1.44646288961533e-07
"group_15651","","hypothetical protein",36,10,164,274,18,96.4788732394366,6.01463414634146,1.3706869777139e-07,0.00303195959470314,5.25287525069844e-07
"group_12340","","hypothetical protein",32,10,168,274,16,96.4788732394366,5.21904761904762,2.08579904158271e-06,0.0461378747998096,7.0385773912753e-06
"group_231","wapA","hypothetical protein",49,11,151,273,24.5,96.1267605633803,8.05358217940999,1.14698520400845e-11,2.5371312712667e-07,1.38414144640845e-10
"group_32821","pspB","Putative phosphoserine phosphatase 2",45,11,155,273,22.5,96.1267605633803,7.20527859237537,4.44682245078397e-10,9.83637126113414e-06,4.02910074590699e-09
"group_23354","","hypothetical protein",44,11,156,273,22,96.1267605633803,7,9.07758181804408e-10,2.00796109815135e-05,6.11065458962675e-09
"group_15512","dapE","Succinyl-diaminopimelate desuccinylase",40,11,160,273,20,96.1267605633803,6.20454545454545,1.63347269461768e-08,0.000361324160049432,7.01055801415273e-08
"group_36031","","hypothetical protein",38,11,162,273,19,96.1267605633803,5.82154882154882,6.90570352043408e-08,0.00152754161872002,2.72726587880739e-07
"group_68782","","hypothetical protein",37,11,163,273,18.5,96.1267605633803,5.63357501394311,1.41132105631349e-07,0.00312184217656544,5.40142443876989e-07
"group_69011--group_69246","--","hypothetical protein--hypothetical protein",37,11,163,273,18.5,96.1267605633803,5.63357501394311,1.41132105631349e-07,0.00312184217656544,5.40142443876989e-07
"group_3144","","hypothetical protein",35,11,165,273,17.5,96.1267605633803,5.26446280991736,9.05344616821858e-07,0.0200262229240995,3.1364483827877e-06
"group_3856","","hypothetical protein",50,12,150,272,25,95.7746478873239,7.55555555555556,2.07922469435148e-11,4.59924502390548e-07,2.44380713278718e-10
"group_44012","","hypothetical protein",39,12,161,272,19.5,95.7746478873239,5.49068322981366,1.06711816850921e-07,0.00236046538874238,4.12164377290445e-07
"group_4624","","hypothetical protein",37,12,163,272,18.5,95.7746478873239,5.14519427402863,4.10725733244722e-07,0.00908525321937325,1.5049284776169e-06
"group_20462","","hypothetical protein",35,12,165,272,17.5,95.7746478873239,4.80808080808081,1.56297285783554e-06,0.0345729596153221,5.3140116223981e-06
"group_8142","","hypothetical protein",51,13,149,271,25.5,95.4225352112676,7.13526071244192,2.32512176201574e-11,5.14316933757881e-07,2.72269419670662e-10
"group_17358","","hypothetical protein",43,13,157,271,21.5,95.4225352112676,5.70945614894659,1.29746414424169e-08,0.000286999068706261,5.67416110530371e-08
"group_22949","","hypothetical protein",40,13,160,271,20,95.4225352112676,5.21153846153846,1.80564896190768e-07,0.00399409550373978,6.83335415524342e-07
"group_18812","sspH2_1","E3 ubiquitin-protein ligase SspH2",38,13,162,271,19,95.4225352112676,4.88983855650522,6.30214928310151e-07,0.0139403542142205,2.20854787931251e-06
"group_6767","","hypothetical protein",38,13,162,271,19,95.4225352112676,4.88983855650522,6.30214928310151e-07,0.0139403542142205,2.20854787931251e-06
"group_1557","rcsC_1","Sensor histidine kinase RcsC",37,13,163,271,18.5,95.4225352112676,4.73194903256253,1.18044071084869e-06,0.0261113485239731,4.03950317511959e-06
"group_54931","","hypothetical protein",37,13,163,271,18.5,95.4225352112676,4.73194903256253,1.18044071084869e-06,0.0261113485239731,4.03950317511959e-06
"group_58532","","hypothetical protein",36,13,164,271,18,95.4225352112676,4.57598499061914,2.21036756864141e-06,0.0488933306183481,7.45200410556174e-06
"group_40766","","hypothetical protein",50,14,150,270,25,95.0704225352113,6.42857142857143,1.67669429232218e-10,3.70884777461667e-06,1.7013063186315e-09
"group_7577","","hypothetical protein",43,14,157,270,21.5,95.0704225352113,5.2820746132848,3.93371936972991e-08,0.000870138724584256,1.60158057166254e-07
"group_14015","","hypothetical protein",42,14,158,270,21,95.0704225352113,5.12658227848101,7.69619108653881e-08,0.00170239746834238,3.02416324035434e-07
"group_108524","","hypothetical protein",41,14,159,270,20.5,95.0704225352113,4.97304582210243,1.50404645064072e-07,0.00332695074881727,5.75099524428222e-07
"group_14405","","hypothetical protein",41,14,159,270,20.5,95.0704225352113,4.97304582210243,1.50404645064072e-07,0.00332695074881727,5.75099524428222e-07
"group_69043","","hypothetical protein",40,14,160,270,20,95.0704225352113,4.82142857142857,2.93171786800705e-07,0.0064849599240316,1.08771551895867e-06
"group_18759","cas4-cas1","CRISPR-associated exonuclease Cas4/endonuclease Cas1 fusion",38,14,162,270,19,95.0704225352113,4.52380952380952,1.09950928984078e-06,0.0243211454912781,3.78009721654929e-06
"group_94575","","hypothetical protein",42,15,158,269,21,94.7183098591549,4.76708860759494,2.22933978423306e-07,0.00493129960272353,8.37090409560945e-07
"smcL","","hypothetical protein",40,15,160,269,20,94.7183098591549,4.48333333333333,7.82243200050161e-07,0.0173032195851096,2.71678749962468e-06
"group_16142","","hypothetical protein",39,15,161,269,19.5,94.7183098591549,4.34409937888199,1.46282245659772e-06,0.0323576327399417,4.98269675699748e-06
"group_16866","","hypothetical protein",49,16,151,268,24.5,94.3661971830986,5.43543046357616,3.60004533631486e-09,7.96330028392847e-05,1.91058068232449e-08
"group_9941","ettA","Energy-dependent translational throttle protein EttA",49,16,151,268,24.5,94.3661971830986,5.43543046357616,3.60004533631486e-09,7.96330028392847e-05,1.91058068232449e-08
"group_15886","pdtaS","hypothetical protein",47,16,153,268,23.5,94.3661971830986,5.14542483660131,1.37215007691055e-08,0.000303519597012613,5.98186040623991e-08
"group_1565","","hypothetical protein",45,16,155,268,22.5,94.3661971830986,4.86290322580645,5.24373794252178e-08,0.00115991483288582,2.10510858962943e-07
"group_40555","","hypothetical protein",44,16,156,268,22,94.3661971830986,4.72435897435897,1.02224452527438e-07,0.00226120488990693,3.95246441165344e-07
"group_690","","hypothetical protein",43,16,157,268,21.5,94.3661971830986,4.5875796178344,1.9855831931801e-07,0.00439211002331439,7.48740201724239e-07
"group_41214","","hypothetical protein",42,16,158,268,21,94.3661971830986,4.45253164556962,6.38695342068523e-07,0.0141279409665557,2.23684942472383e-06
"group_29265","","hypothetical protein",41,16,159,268,20.5,94.3661971830986,4.31918238993711,1.14657143343358e-06,0.0253621601075508,3.9278550576972e-06
"group_17385","","hypothetical protein",63,17,137,267,31.5,94.0140845070423,7.22241305281237,1.2237221213415e-13,2.70687333240741e-09,1.64952671079062e-12
"group_1827","","hypothetical protein",47,17,153,267,23.5,94.0140845070423,4.82468281430219,4.02992701898401e-08,0.000891419856599262,1.63803722271088e-07
"group_13370","","hypothetical protein",44,17,156,267,22,94.0140845070423,4.42986425339367,2.66470646113395e-07,0.00589433069202829,9.90643813786267e-07
"group_36857","","hypothetical protein",44,17,156,267,22,94.0140845070423,4.42986425339367,2.66470646113395e-07,0.00589433069202829,9.90643813786267e-07
"amt","","hypothetical protein",43,17,157,267,21.5,94.0140845070423,4.30161109029599,4.99723119202043e-07,0.0110538753967492,1.75821145168589e-06
"group_2359","","hypothetical protein",42,17,158,267,21,94.0140845070423,4.17498138495905,9.34574925032205e-07,0.0206727973417124,3.22861117315514e-06
"group_32706","","hypothetical protein",42,17,158,267,21,94.0140845070423,4.17498138495905,9.34574925032205e-07,0.0206727973417124,3.22861117315514e-06
"group_9693","fadN","putative 3-hydroxyacyl-CoA dehydrogenase",60,18,140,266,30,93.6619718309859,6.33333333333333,4.34269623972001e-12,9.60604408226066e-08,5.39665397879813e-11
"group_13304","","hypothetical protein",56,18,144,266,28,93.6619718309859,5.74691358024691,8.78217878825561e-11,1.94261794796214e-06,9.56954654168542e-10
"group_2629","rpoB","DNA-directed RNA polymerase subunit beta",47,18,153,266,23.5,93.6619718309859,4.53957879448076,6.65294595507956e-08,0.0014716316452636,2.62885252815934e-07
"rpoC","","DNA-directed RNA polymerase subunit beta'",46,18,154,266,23,93.6619718309859,4.41414141414141,2.11542798865707e-07,0.00467932671090943,7.95803862399563e-07
"mdtB_2--group_21015","--mdtA_3","Multidrug resistance protein MdtB--Multidrug resistance protein MdtA",44,18,156,266,22,93.6619718309859,4.16809116809117,6.89161914472754e-07,0.0152442615481373,2.40711535577725e-06
"group_108723--group_41291","--","hypothetical protein--hypothetical protein",43,18,157,266,21.5,93.6619718309859,4.04741684359519,1.24541128315047e-06,0.0275484975832883,4.25919876055787e-06
"group_36566","","hypothetical protein",64,19,136,265,32,93.3098591549296,6.56346749226006,4.17493786719965e-13,9.23496256224563e-09,5.50027549865731e-12
"group_40936","","hypothetical protein",52,19,148,265,26,93.3098591549296,4.90042674253201,6.96272334497971e-09,0.000154015440390951,3.41952576356464e-08
"group_9825","panS_2","Pantothenate precursors transporter PanS",51,19,149,265,25.5,93.3098591549296,4.77393147297775,1.30671371181223e-08,0.000289045073052865,5.71235322238863e-08
"group_4232","","hypothetical protein",51,19,149,265,25.5,93.3098591549296,4.77393147297775,1.30671371181223e-08,0.000289045073052865,5.71235322238863e-08
"group_5596","typA","GTP-binding protein TypA/BipA",50,19,150,265,25,93.3098591549296,4.64912280701754,2.45992455737342e-08,0.000544135312091,1.02900021197239e-07
"group_69160","","hypothetical protein",44,19,156,265,22,93.3098591549296,3.93387314439946,1.75819089573169e-06,0.038891182613585,5.95677985272214e-06
"group_22783","","hypothetical protein",55,20,145,264,27.5,92.9577464788732,5.00689655172414,1.44327487175489e-09,3.19252401632181e-05,9.3952872305429e-09
"group_4779","","hypothetical protein",53,20,147,264,26.5,92.9577464788732,4.75918367346939,5.58254938523997e-09,0.000123485992401508,2.79823232271716e-08
"group_2589","","hypothetical protein",51,20,149,264,25.5,92.9577464788732,4.51812080536913,2.14370948247407e-08,0.000474188537523265,9.01327765678132e-08
"group_46584","","hypothetical protein",47,20,153,264,23.5,92.9577464788732,4.05490196078431,4.05864900944257e-07,0.00897773160888697,1.48761087139801e-06
"group_12235","","hypothetical protein",45,20,155,264,22.5,92.9577464788732,3.83225806451613,1.33798745497157e-06,0.0295962825039711,4.56315810864517e-06
"group_14398","","hypothetical protein",44,20,156,264,22,92.9577464788732,3.72307692307692,2.41913967021228e-06,0.0535113695050957,8.11270004625465e-06
"group_32366","nanM","N-acetylneuraminate epimerase",52,21,148,263,26,92.6056338028169,4.4002574002574,2.76988521831775e-08,0.000612698610291886,1.14759057930677e-07
"group_596","","hypothetical protein",49,21,151,263,24.5,92.6056338028169,4.06401766004415,1.87141829150036e-07,0.0041395772607988,7.07620044580991e-07
"noc_3","","Nucleoid occlusion protein",75,22,125,262,37.5,92.2535211267606,7.14545454545455,9.24523195817456e-16,2.04504530914821e-11,1.45451302215378e-14
"soj_4","","Sporulation initiation inhibitor protein Soj",73,22,127,262,36.5,92.2535211267606,6.8453829634932,4.90211712705929e-15,1.08434830850551e-10,7.28728701952631e-14
"group_21038","","hypothetical protein",66,22,134,262,33,92.2535211267606,5.86567164179105,1.7794952873053e-12,3.93624357551933e-08,2.26742141446966e-11
"group_69002","","hypothetical protein",65,22,135,262,32.5,92.2535211267606,5.73400673400673,3.79800559285434e-12,8.40118837139381e-08,4.75449257011534e-11
"group_36870","","hypothetical protein",61,22,139,262,30.5,92.2535211267606,5.22629169391759,1.12413696903329e-10,2.48659097550163e-06,1.21060904357431e-09
"group_9197","","hypothetical protein",60,22,140,262,30,92.2535211267606,5.1038961038961,2.21360521571715e-10,4.89649473716633e-06,2.21360521571715e-09
"group_12187","","hypothetical protein",60,22,140,262,30,92.2535211267606,5.1038961038961,2.21360521571715e-10,4.89649473716633e-06,2.21360521571715e-09
"group_55068","","hypothetical protein",58,22,142,262,29,92.2535211267606,4.86427656850192,8.64611790469659e-10,1.91252128051888e-05,5.91379493048511e-09
"group_108602","","hypothetical protein",66,23,134,261,33,91.9014084507042,5.58922777417262,5.32928050154989e-12,1.17883684694283e-07,6.57833061910064e-11
"group_69225","","hypothetical protein",65,23,135,261,32.5,91.9014084507042,5.46376811594203,1.0954933204432e-11,2.42323122482037e-07,1.32417006820785e-10
"group_32799","","hypothetical protein",65,23,135,261,32.5,91.9014084507042,5.46376811594203,1.0954933204432e-11,2.42323122482037e-07,1.32417006820785e-10
"group_26084","","hypothetical protein",65,23,135,261,32.5,91.9014084507042,5.46376811594203,1.0954933204432e-11,2.42323122482037e-07,1.32417006820785e-10
"group_41325","","hypothetical protein",64,23,136,261,32,91.9014084507042,5.34015345268542,2.25650832323929e-11,4.99139641100531e-07,2.64374809904942e-10
"group_15535","","hypothetical protein",63,23,137,261,31.5,91.9014084507042,5.218343383053,4.64959181783095e-11,1.02848971010421e-06,5.28514753393734e-10
"group_32753","","hypothetical protein",63,23,137,261,31.5,91.9014084507042,5.218343383053,4.64959181783095e-11,1.02848971010421e-06,5.28514753393734e-10
"group_6353","ilvD","Dihydroxy-acid dehydratase",56,23,144,261,28,91.9014084507042,4.41304347826087,8.45044670812063e-09,0.000186923881183628,4.0706420118386e-08
"group_8053","argS","Arginine--tRNA ligase",51,23,149,261,25.5,91.9014084507042,3.88415523781733,3.11143693220909e-07,0.0068824984940465,1.15188259314586e-06
"group_32326","","hypothetical protein",51,23,149,261,25.5,91.9014084507042,3.88415523781733,3.11143693220909e-07,0.0068824984940465,1.15188259314586e-06
"group_1810","","hypothetical protein",51,23,149,261,25.5,91.9014084507042,3.88415523781733,3.11143693220909e-07,0.0068824984940465,1.15188259314586e-06
"group_41320","","hypothetical protein",49,23,151,261,24.5,91.9014084507042,3.68240714080046,9.76752958360124e-07,0.0216057754389259,3.37116171616881e-06
"group_36831","","hypothetical protein",68,24,132,260,34,91.5492957746479,5.58080808080808,2.26786951576963e-12,5.01652736888243e-08,2.86168132851251e-11
"rssB_3","","Regulator of RpoS",59,24,141,260,29.5,91.5492957746479,4.53309692671395,1.97936814076528e-09,4.3783623273728e-05,1.18783568295518e-08
"sasA_15","","Adaptive-response sensory-kinase SasA",59,24,141,260,29.5,91.5492957746479,4.53309692671395,1.97936814076528e-09,4.3783623273728e-05,1.18783568295518e-08
"group_6476","","hypothetical protein",52,24,148,260,26,91.5492957746479,3.80630630630631,2.45446135771128e-07,0.00542926852325736,9.18657956557929e-07
"group_29277","","hypothetical protein",66,25,134,259,33,91.1971830985916,5.10268656716418,2.69056021683388e-11,5.95151919963654e-07,3.13306903270018e-10
"group_8510","","hypothetical protein",55,25,145,259,27.5,91.1971830985916,3.92965517241379,9.47567816565841e-08,0.00209602001024364,3.69407826972795e-07
"group_20574","cntO","Metal-pseudopaline receptor CntO",53,25,147,259,26.5,91.1971830985916,3.7352380952381,3.0327860948596e-07,0.00670852284182943,1.12408224561485e-06
"group_20230","","hypothetical protein",0,25,200,259,0,91.1971830985916,0,2.04918028035976e-06,0.045327867801558,6.92239887012186e-06
"group_36726","","hypothetical protein",72,26,128,258,36,90.8450704225352,5.58173076923077,6.02596048101961e-13,1.33294245840154e-08,7.87325728530147e-12
"group_68907","","hypothetical protein",65,26,135,258,32.5,90.8450704225352,4.77777777777778,1.41232749075477e-10,3.12406840954954e-06,1.46738769823839e-09
"group_12570","","hypothetical protein",54,26,146,258,27,90.8450704225352,3.67017913593256,3.94988778143173e-07,0.008737151772527,1.44822671515448e-06
"group_15701","","hypothetical protein",52,26,148,258,26,90.8450704225352,3.48648648648649,1.18863238140161e-06,0.0262925482766036,4.06627718475157e-06
"group_333","","hypothetical protein",52,26,148,258,26,90.8450704225352,3.48648648648649,1.18863238140161e-06,0.0262925482766036,4.06627718475157e-06
"group_55699","","hypothetical protein",75,27,125,257,37.5,90.4929577464789,5.71111111111111,1.83172370933223e-13,4.0517728450429e-09,2.45413255302417e-12
"group_108559","","hypothetical protein",63,27,137,257,31.5,90.4929577464789,4.37712895377129,1.36233052925257e-09,3.01347513070668e-05,8.9156068955819e-09
"group_15698","","hypothetical protein",58,27,142,257,29,90.4929577464789,3.88784559207094,5.04653534038261e-08,0.00111629361729263,2.02741303540253e-07
"group_54816","","hypothetical protein",57,27,143,257,28.5,90.4929577464789,3.79409479409479,9.12373939956186e-08,0.00201817115518308,3.56441390883625e-07
"group_13935","wbpI","UDP-2,3-diacetamido-2,3-dideoxy-D-glucuronate 2-epimerase",55,27,145,257,27.5,90.4929577464789,3.61047254150702,2.97165739247741e-07,0.00657330615216003,1.10179452768355e-06
"group_54817","","hypothetical protein",55,27,145,257,27.5,90.4929577464789,3.61047254150702,2.97165739247741e-07,0.00657330615216003,1.10179452768355e-06
"group_17374","","hypothetical protein",76,28,124,256,38,90.1408450704225,5.6036866359447,1.51786418438873e-13,3.35751557586786e-09,2.03980290149931e-12
"scmP","","N-acetylcysteine deacetylase",70,28,130,256,35,90.1408450704225,4.92307692307692,1.87763977079564e-11,4.15333917299996e-07,2.21511422559998e-10
"group_11490","","hypothetical protein",70,28,130,256,35,90.1408450704225,4.92307692307692,1.87763977079564e-11,4.15333917299996e-07,2.21511422559998e-10
"cph2_2","","hypothetical protein",64,28,136,256,32,90.1408450704225,4.30252100840336,1.74491475688754e-09,3.85975144223523e-05,1.07484027909642e-08
"group_20417","","hypothetical protein",63,28,137,256,31.5,90.1408450704225,4.2043795620438,3.28590206414220e-09,7.26841536588254e-05,1.76160897415518e-08
"group_3091","mgtB","Magnesium-transporting ATPase, P-type 1",59,28,141,256,29.5,90.1408450704225,3.8257345491388,4.09912946556833e-08,0.000906727437783714,1.66494204514086e-07
"group_36522","","hypothetical protein",58,28,142,256,29,90.1408450704225,3.73440643863179,1.17889180360755e-07,0.0026077086695799,4.53988278130206e-07
"group_93572","","hypothetical protein",0,28,200,256,0,90.1408450704225,0,2.67061662894115e-07,0.00590740398321783,9.92507389653534e-07
"group_4250","","hypothetical protein",0,28,200,256,0,90.1408450704225,0,2.67061662894115e-07,0.00590740398321783,9.92507389653534e-07
"group_108560","","hypothetical protein",55,28,145,256,27.5,90.1408450704225,3.4679802955665,6.3603784040119e-07,0.0140691570296743,2.22789501657551e-06
